communality,authority,superiority,exhibitionism,vanity,selfsufficiency,entitlement,exploitativeness
beneficiary,accomplished,a-1,a-1,accomplish,ability,arrogant,bluff
benefit,accomplishment,abler,abilities,achieved,able,arrogance,bluffed
benevolence,accomplishments,ablest,ability,achievement,ablebodied,big-headed,bluffing
care,achieved,acuter,able,admirable,ableness,boastful,bluffs
charity,achievement,acutest,ably,admirably,abler,boast,bribe
community,achievements,adroiter,accomplish,admiration,ablest,boasts,bribed
compassion,adjudicate,adroitest,accomplished,admirations,ably,boasted,bribes
cooperate,adjudicated,advantage,accomplisher,admire,accomplishable,boasting,bribing
educate,adjudicates,advantaged,accomplishers,admired,accomplished,bumptious,cheat
empower,adjudicating,advantageous,accomplishes,admirer,accomplisher,chosen,cheater
freedom,adjudication,advantages,accomplishing,admirers,accomplishers,one,cheating
health,adjudications,advantaging,accomplishment,admires,accomplishing,conceit,cheats
help,adjudicator,alertest,accomplishments,admiring,accomplishment,conceited,chicanery
immunization,adjudicators,ampler,achieve,adorable,accomplishments,conceitful,coax
independence,adjudicatory,amplest,achieves,amazing,accreditation,egocentric,coaxed
kind,arbiter,a-one,achieving,awe-inspiring,accredited,egotistical,coaxing
learn,arbiters,apex,achieved,awesome,achieved,full of themselves,con
liberal,authoritarian,apter,achievement,baller,achievement,greedy,conned
partnership,authoritarians,aptest,achievements,beauty,achievements,haughty,conning
peace,authoritative,ascendance,admirable,best,achieving,high,connived
prosper,authoritatively,ascendancy,admiration,better,adept,and,conniving
society,authorities,ascendant,admirations,boast,adepter,mighty,cons
support,avantgardist,ascendence,admire,boasting,adeptest,horse,contrived
teach,avant-gardists,ascendency,admired,boasts,adeptly,imperious,contrives
tender,bellweather,ascendent,admirer,brag,adeptness,megalomania,contriving
trustworthy,bellwether,auguster,admirers,bragging,adroit,meglomaniac,corrupt
virtue,bellwethers,augustest,admires,brave,adroiter,overweening,corrupted
national,big,awesomer,admiring,brilliance,adroitest,self-centered,corrupting
homeland,cheese,awesomest,adorable,brilliancies,adroitly,self-important,corruption
loyal,cheeses,best,adoring,brilliancy,adroitness,snotty,counterfeit
patriot,biggest,best-known,adroit,brilliant,aplomb,stuck-up,counterfeited
comrade,fish,bestseller,adroitly,brilliantly,apt,superior,counterfeiting
collective,frog in the pond,bestselling,adroitness,brilliants,apter,superiority,craftily
unity,boss,best-suited,advanced,buzz,aptest,uppity,crafty
fellow,bossdom,better,altruist,charm,aptitude,heritage,crooked
devoted,bossed,better-known,altruistic,charms,aptitudes,greed,deceit
clique,bosses,brilliance,altruistically,cool,aptitudinal,birthright,deceitful
foreign,bossier,brilliancies,altruists,creative,aptly,,deceitfully
enemy,bossiest,brilliancy,amazing,dazzle,aptness,,deception
betray,bossily,brilliant,ambitious,delightful,aptnesses,,deceptive
treason,bossiness,brilliantly,appealing,delightfully,assurance,,devious
traitor,bossing,capabler,apt,delightfulness,assured,,deviousness
treachery,bossman,capablest,aptitude,deluxe,assuredly,,dishonest
disloyal,bossmen,choicer,aptitudes,elegance,assuredness,,dishonestly
individual,bossy,choicest,aptly,elegances,autonomic,,dishonesty
deserter,captain,cleverer,aptness,elegancies,autonomous,,dupe
deceive,captaincies,cleverest,aptnesses,elegancy,autonomy,,duped
jilt,captaincy,completest,astute,elegant,boundless,,dupes
terrorist,captained,dandier,astutely,eleganter,boundlessly,,duping
immigration,captaining,dandiest,astuteness,epic,boundlessness,,duplicitous
accept,captains,defter,attentive,esteemed,capabilities,,duplicity
accommodate,captainship,deftest,attractive,estimable,capability,,exploit
accompany,captainships,deluxe,august,excellent,capable,,exploitation
affection,castellan,distinguished,augustly,fantastic,capableness,,exploited
affiliate,castellans,dominance,augustness,fine,capably,,exploiting
agree,chairladies,dominant,authentic,finer,censureless,,exploits
allegiance,chairlady,dominate,award,finest,certification,,fake
alliance,chairman,dominated,awards,glorious,certifications,,faked
altruist,chairmaned,dominates,awesome,gloriously,certified,,fakes
amenable,chairmanned,dominating,awesomely,gloriousness,chartered,,faking
amiable,chairmanning,domination,awesomeness,glory,competence,,feign
amicable,chairmans,dominator,awestricken,glorying,competencies,,feigned
amigo,chairmanship,dominators,awestruck,gorgeous,competency,,feigning
apologize,chairmanships,edgier,baller,gorgeously,competent,,feigns
appreciated,chairmen,edgiest,bang-up,gorgeousness,competently,,foist
assist,chairperson,eminence,beaut,graceful,confidence,,foisted
caring,chairpersons,eminences,beauteous,gracefully,confident,,foisting
ceremony,chairwoman,eminencies,beauteously,gracefulness,confidently,,foists
civil,chairwomen,eminency,beauties,grand,conscientious,,force
collaboration,chiefdom,eminent,beautiful,grander,conscientiously,,forced
colleague,chiefdoms,eminently,beautifully,grandest,conscientiousness,,forceful
companion,chiefs,enviable,beauts,grandeur,conscionable,,forces
compromise,chieftain,envied,beauty,grandeurs,control,,forcing
concert,chieftaincies,esteemed,beloved,grandiose,their,,fraud
confer,chieftaincy,exceptional,beneficence,grandiosely,own,,guile
congrats,chieftains,exceptionality,beneficent,grandioseness,destiny,,guileful
consent,chieftainship,exceptionally,beneficently,grandiosity,deft,,heist
considerate,chieftainships,exemplar,benevolence,grandly,defter,,lie
contribute,cognoscente,exemplars,benevolent,grandness,deftest,,lied
conversation,cognoscenti,exemplary,benevolently,greater,deftly,,lying
counsel,command,extraordinariness,bold,greatest,deftness,,manipulate
courteous,commanded,extraordinary,brainy,handsome,dependability,,manipulated
democrat,commander,extremer,brave,handsomely,dependable,,manipulates
dialogue,commanders,extremest,bright,handsomeness,dependableness,,manipulating
discuss,commandership,fairer,brilliance,handsomer,dependably,,manipulation
empathy,commanding,fairest,brilliancies,handsomest,determination,,mislead
equitable,connoisseur,famed,brilliancy,i,determined,,misleading
festive,connoisseurs,famous,brilliant,iconic,determinedly,,misled
forgiveness,control,faster,brilliantly,i'd,determinedness,,misrepresentation
fraternity,controllership,fastest,brilliants,i'll,die,,misrepresentations
friend,controlling,fiercer,capabilities,i'm,trying,,misrepresented
generosity,decision-maker,fiercest,capability,important,died,,ploy
grateful,decision-makers,finer,capable,impressive,dies,,ploys
gregarious,dictator,finest,capableness,impressively,diligent,,pretense
groups,dictatorial,first,capably,impressiveness,disencumberance,,propaganda
guidance,dictatorially,class,cat's,i've,disencumbered,,scam
harmony,dictatorialness,order,meow,kinglier,dogged,,scammed
honest,dictators,rate,celebrated,kingliest,doggedly,,scamming
hospitable,dictatorship,first-class,celebrity,kingliness,doggedness,,scams
human,dictatorships,first-rate,celebs,kingly,driven,,schemed
impartial,dictatory,fitter,charm,laud,efficacious,,scheming
interpersonal,direct,fittest,charming,laudability,efficaciously,,seduce
intimate,directed,foremost,charms,laudable,efficaciousness,,seduced
lawful,directing,gifted,cherished,laudably,efficacy,,seduces
love,directive,giftedly,chivalric,laudatory,emancipate,,seducing
magnanimous,directives,grander,chivalrous,lauded,emancipated,,sham
marriage,directivity,grandest,chivalrously,lauding,emancipation,,shams
matrimony,director,greater,chivalrousness,lauds,empower,,shifty
member,directorate,greatest,clever,lavish,empowered,,sly
mingle,directorates,handier,cleverly,lavished,empowering,,slyly
mutual,directors,handiest,cleverness,lavishes,empowerment,,subjugate
negotiate,directorship,handsomer,cogent,lavishest,empowers,,subjugated
neighbour,directorships,handsomest,cohesive,lavishing,enable,,subjugates
nurture,dominance,healthier,colorful,lavishly,enabled,,subjugating
offer,dominant,healthiest,colossal,lavishment,enablement,,trickery
openmind,dominantly,high,colossally,lavishness,enabler,,underhanded
participate,dominate,rank,committed,legendary,enablers,,unscrupulous
party,dominated,highclass,compelling,lovely,enables,,cheated
philanthropy,dominates,higher,competence,magnific,enabling,,coaxes
pluralist,dominating,higher-up,competencies,magnificence,endurance,,conspire
polite,domination,highest,competency,magnificent,endure,,conspired
reciprocate,dominations,huger,competent,magnificently,endured,,conspiring
recommend,dominator,hugest,congenial,majestic,endures,,conspires
reconcile,dominators,immenser,considerate,majestical,enduring,,contrive
relationship,dominion,immensest,cool,majestically,experience,,corrupts
request,dominions,incomparability,courageous,master,experienced,,heisting
respect,doyen,incomparable,courteous,me,experiences,,heisted
ritual,doyenne,incomparably,coveted,mighty,fortitude,,
roommate,doyennes,inimitable,crafty,my,fortitudinous,,
sacrifices,doyens,inimitably,creative,myself,freedom,,
selfless,enlightened,keener,creditabilities,nobility,freedoms,,
service,enlightener,keenest,creditability,noble,in,,
sincere,executive,knowinger,creditableness,nobleness,my,,
social,experienced,knowingest,creditably,nobler,hands,,
sorority,expert,lavisher,cutting-edge,noblest,our,,
squad,expertise,lavishest,dandy,nobly,indefatigable,,
suggestion,expertly,legendary,darling,nose,indefatigableness,,
sympathy,expertness,loftier,dazzle,in,indefatigably,,
talk,experts,loftiest,dazzled,the,independence,,
team,famous,matchless,dazzlement,air,independent,,
thank,forerunner,matchlessly,dazzles,our,independently,,
together,forerunners,matchlessness,dazzling,ours,indestructibility,,
tradition,founder,more,dazzlingly,ourself,indestructible,,
treatise,founders,able,dear,ourselves,indestructibleness,,
tribe,front,accomplished,deft,out,indestructibly,,
truth,runner,admirable,deftly,of,indomitable,,
unanimous,runners,admired,deftness,this,industrious,,
unified,gaffer,advanced,delicious,world,keep,,
unselfish,gaffers,amazing,deliciously,pleasured,at,,
voluntary,groundbreaker,ambitious,deliciousness,popular,going,,
welcome,groundbreakers,appealing,delightful,popularity,on,,
inclusivity,groundbreaking,astute,deluxe,posh,keeping,,
ecological,ground breakers,authentic,devoted,posher,keeps,,
emissions,ground breaker,awesome,dexterity,poshest,kept,,
environmental,ground breaking,beauteous,dexterous,poshly,liberate,,
erode,guide,beautiful,dexterously,poshness,liberated,,
externality,guided,beloved,dexterousness,powerful,liberating,,
fertiliser,guider,brainy,dextrous,praiseworthily,liberation,,
fertilizer,guiders,buzz,dignification,praiseworthiness,liberty,,
pollution,guides,capable,dignified,praiseworthy,licensed,,
preserve,guiding,celebrated,diligent,premium,limitless,,
purified,headman,cerebral,discerning,prettier,master,,
recharge,headmen,cognitive,distinctive,prettiest,masterful,,
recycle,headwoman,cohesive,distinguished,pretty,masterfully,,
salvage,headwomen,colorful,divine,pride,masterfulness,,
solar,hegemon,commendable,driven,prided,masterly,,
toxic,hegemonic,compelling,durable,prideful,mastery,,
unpollute,hegemonical,competent,dynamic,pridefully,never-tiring,,
unspoilt,hegemonies,comprehensive,educated,prides,never-wearying,,
waste,hegemony,consequential,efficiencies,priding,perdure,,
water,honorable,considerable,efficiency,princelier,perdured,,
benevolent,honorableness,courageous,efficient,princeliness,perduring,,
cared,honored,coveted,efficiently,princely,perseverance,,
charitable,honoree,creative,elegant,proficiencies,persevere,,
compassionate,honorees,creditable,eminence,proficiency,persevered,,
cooperated,honors,critical,eminencies,proficient,persevering,,
educated,important,cutting-edge,eminency,proud,persist,,
empowerment,charge,dazzling,eminent,prouder,persisted,,
healthy,influencer,deeply,eminently,proudest,persistence,,
helping,innovator,delicious,engaging,proudly,persistent,,
immunizing,innovators,deserving,enjoyable,proudness,persisting,,
independent,knew,desirable,enlightened,radiance,pertinacious,,
learning,know,determined,entertaining,radiances,pertinaciously,,
liberty,knowing,dexterous,epic,radiancies,pertinacity,,
partnerships,ropes,dextrous,ergonomic,radiancy,powerful,,
peaceful,knowledge,dignified,erudite,radiant,powerfully,,
prosperity,knowledgeable,discerning,eruditely,radiantly,powerfulness,,
societal,knowledgeably,distinctive,eruditeness,radiants,proficiency,,
supporter,knows,durable,erudition,recognition,proficient,,
teaching,lead,dynamic,esteemed,resplendence,proficiently,,
trust,leader,educated,estimable,resplendent,relentless,,
loyalty,leaders,effective,exalted,resplendently,relentlessly,,
patriotic,leadership,efficient,excellent,revolutionary,relentlessness,,
comrades,leading,elegant,exceptionable,righteous,reliable,,
collectives,leads,elevated,exceptional,righteously,reliableness,,
united,maestro,eligible,exceptionality,righteousness,reliably,,
devote,maestros,engaging,exceptionally,sharp-witted,resilience,,
foreigner,manage,enjoyable,exemplar,smart,resiliency,,
betrayal,managed,enlightened,exemplars,special,resilient,,
traitors,management,enormous,exemplary,splendid,resolute,,
treacherous,manager,epic,expert,splendider,resolutely,,
disloyalty,manageress,ergonomic,expertise,splendidly,resoluteness,,
individuality,managerial,erudite,expertly,splendor,resolve,,
deserted,managers,essential,expertness,splendorous,resolved,,
deceived,managership,exalted,experts,splendors,resolves,,
immigrant,manages,excellent,extraordinary,splendrous,resolving,,
accepted,managing,exciting,eye,stunning,scrappy,,
accommodation,master,exhaustive,catching,stylish,sedulity,,
accompanied,masterdom,experienced,fame,sublime,sedulous,,
affectionate,mastered,expert,famed,sublimed,sedulously,,
affiliated,masterful,eye,famous,sublimely,sedulousness,,
altruism,masterfully,catching,fans,sublimeness,self-assurance,,
appreciate,masterfulness,fantastic,fantastic,sublimer,self-assured,,
assistance,masteries,farsighted,far,sublimest,self-assuring,,
ceremonious,mastering,far-sighted,out,success,self-confidence,,
collaborate,masterly,fierce,farsighted,successful,self-confident,,
colleagues,mastermind,flavorful,far-sighted,successfully,self-dependence,,
companions,masterminded,flexible,farsightedly,sumptuous,self-dependent,,
compromises,masterminding,fresh,farsightedness,sumptuously,self-directed,,
conferred,masterminds,fun,fascinating,sumptuousness,self-directing,,
congratulations,masters,glorious,fearless,super,self-direction,,
consensus,mastership,gorgeous,fierce,superb,self-reliance,,
consideration,mastery,helpful,first,superber,selfreliant,,
contributed,mogul,herculean,class,superbly,self-rule,,
converse,number one,heroic,order,swag,self-ruling,,
counsels,old,humongous,rate,swank,self-sustaining,,
courtesy,hand,iconic,first-class,swanked,single-handed,,
democratic,hands,illustrious,first-rate,swanker,single-handedly,,
dialogues,oversee,important,fresh,swankest,solo,,
discussion,overseeing,incredible,generosities,swankier,stalwart,,
empathetic,overseen,ingenious,generosity,swankiest,stalwartly,,
equity,overseer,innovative,generous,swankily,stalwartness,,
festivity,overseers,inspiring,generously,swanking,stamina,,
forgiving,overseership,intellectual,generousness,swanks,stand,,
fraternal,oversees,intelligent,genius,swanky,fast,,
friends,pacesetter,interesting,geniuses,swell,firm,,
generous,pacesetters,intimate,geniusness,sweller,standing,,
gregariousness,pacesetting,intricate,genuine,swellest,stands,,
group,pioneer,inventive,gifted,talent,steadfast,,
honesty,pioneered,keen-witted,giftedly,talented,steadfastly,,
hospitality,pioneering,knowledgeable,glorious,talents,steadfastness,,
humane,pioneers,known,gloriously,unique,stood,,
impartiality,point,laudable,gloriousness,us,take,,
intimation,man,lauded,glory,vaunt,tenacious,,
loving,men,learned,gorgeous,vaunted,tenaciously,,
magnanimity,woman,legit,gorgeously,vaunter,tenaciousness,,
marriages,women,lifelike,gorgeousness,vaunters,tenacity,,
matrimonies,predominance,luxurious,gracious,vauntful,toughness,,
members,predominancy,magnificent,graciously,vaunting,mind,,
negotiation,predominant,majestic,graciousness,vauntingly,unbridled,,
neighbor,predominantly,marvelous,great,vaunts,unburdened,,
offers,predominate,massive,greatly,vaunty,unchecked,,
openmindedness,predominated,masterful,greatness,we,uncompromising,,
participatory,predominately,meaningful,grit,wonderful,uncompromisingly,,
partner,predominates,meritorious,handily,,uncompromisingness,,
parties,predominating,momentous,handiness,,uncurbed,,
philanthropist,predomination,monumental,handiwork,,undeviating,,
pluralistic,presidencies,nimblewitted,handsome,,undoubtedly,,
politeful,presidency,notable,handy,,undoubting,,
reciprocity,president,noteworthy,heroic,,unencumbered,,
recommendation,presidential,observant,heroical,,unfaltering,,
reconciliations,presidentship,original,heroically,,unfalteringly,,
relationships,pro,perceptive,heroicalness,,unfetter,,
requested,prodigies,percipient,heroics,,unfettered,,
respected,prodigious,perfect,high,,unflagging,,
rituals,prodigiously,pinnacle,rank,,unflappability,,
roommates,prodigiousness,pivotal,honorable,,unflappable,,
sacrifice,prodigy,popular,honorableness,,unflinching,,
selflessness,proficiency,powerful,honorably,,unflinchingly,,
served,proficient,practical,huge,,unhampered,,
sincerity,proficiently,praiseworthy,hugely,,unhesitating,,
socially,pundit,precious,hugeness,,unhesitatingly,,
squads,punditry,precocious,humongous,,unimpeded,,
suggest,pundits,preeminent,icon,,uninhibited,,
sympathies,respected,pristine,iconic,,unregulated,,
talks,revered,professional,illustrious,,unrelenting,,
teams,sage,proficient,illustriously,,unrelentingly,,
thanks,sagely,profound,illustriousness,,unrelentingness,,
traditions,sageness,prolific,immense,,unrepressed,,
tribes,sager,prominent,immensely,,unrestrained,,
truthfulness,sages,quick-witted,immersive,,unrestricted,,
unianimity,sagest,radiant,important,,unshackle,,
unification,spearhead,realistic,impressive,,unshackled,,
volunteer,spearheaded,recognizable,incredible,,unshakable,,
welcomed,spearheading,recognized,influential,,unshakablely,,
inclusiveness,spearheads,reliable,ingenious,,unshakeable,,
ecology,superior,remarkable,ingeniously,,unshaken,,
emission,superiorities,renowned,ingeniousness,,unshaking,,
environment,superiority,resourceful,innovative,,unstoppable,,
erosion,superiorly,respectable,inspired,,unstopping,,
externalities,supervise,respected,inspiring,,unsuppressed,,
fertilisers,supervised,revered,intellect,,unswervable,,
fertilizers,supervises,rugged,intellects,,unswerved,,
pollute,supervising,sagacious,intellectual,,unswerving,,
preservation,supervision,sapient,intellectuals,,unswervingly,,
purification,supervisor,scholarly,intelligence,,unswervingness,,
recharged,supervisorial,sensational,intelligent,,untiring,,
recycling,supervisors,sharp-witted,intelligently,,untrammeled,,
toxicity,supervisorship,significant,interesting,,unwavered,,
unpollution,supervisory,skilled,intricate,,unwavering,,
wastage,supremacy,skillful,inventive,,unwaveringly,,
empowering,supreme,smashing,inventively,,unweariedness,,
helpful,trail,sought,inventiveness,,unyielding,,
learnt,blazer,spectacular,keen,,unyieldingly,,
liberatarian,blazers,splendid,keenly,,unyieldingness,,
peacefulness,blazing,staggering,keenness,,willpower,,
supporting,trailblazer,storied,keen-witted,,zeal,,
patriots,trailblazers,striking,kind,,zealous,,
unite,trailblazing,stunning,kindhearted,,zealously,,
deception,trend-setter,stupendous,kindheartedly,,zealousness,,
acceptable,trendsetting,successful,kindheartedness,,,,
affections,vanguard,suitable,knowledgeable,,,,
appreciation,vanguards,suitably,laud,,,,
assists,vaunt-courier,superior,laudability,,,,
congratulatory,vauntcouriers,superlative,laudable,,,,
contribution,virtuosas,supreme,laudably,,,,
counselling,virtuosi,talented,laudatory,,,,
democrats,virtuosities,thoughtful,lauded,,,,
discussions,virtuosity,towering,lauding,,,,
friendly,virtuoso,transcendant,lauds,,,,
loved,virtuosos,tremendous,lavish,,,,
negotiated,vision,unique,lavished,,,,
neighbours,,valuable,lavishment,,,,
offered,,versatile,lavishness,,,,
open-mind,,vital,leading,,,,
participation,,watched,legendary,,,,
partners,,well-read,legit,,,,
recommendations,,wonderful,legitimate,,,,
reconciliation,,worthy,like,,,,
respectful,,most,wow,,,,
traditional,,generous,limitless,,,,
trusted,,gracious,limitlessly,,,,
truths,,immersive,lovely,,,,
volunteers,,influential,loving,,,,
welcomes,,relaible,lucky,,,,
inclusion,,reliable,luxuriance,,,,
recycled,,sustainable,luxuriant,,,,
wasting,,nimbler,luxuriantly,,,,
supported,,nimblest,luxuriate,,,,
neighborhood,,nobler,luxuriated,,,,
wastes,,noblest,luxuriates,,,,
trusting,,number one,luxuriating,,,,
wasteful,,outdo,luxuriation,,,,
accept people as they are,,outdoer,luxuries,,,,
accepting,,outdoers,luxurious,,,,
acknowledge,,outdoing,luxuriously,,,,
acknowledge others ,,outdone,luxuriousness,,,,
acknowledge others' accomplishments,,outstanding,luxury,,,,
acknowledgment,,outstandingly,magnanimity,,,,
amiability,,outstandingness,magnanimous,,,,
anticipate the needs of others,,outstrip,magnanimously,,,,
beautiful,,outstripped,magnanimousness,,,,
being part of a group,,outstripping,magnificence,,,,
belonging to a community,,perspicacious,magnificent,,,,
belonging to a group,,plusher,magnificently,,,,
best parent,,plushest,majestic,,,,
bonding,,posher,majestical,,,,
bring freedom to people,,poshest,majestically,,,,
bring people together,,prettier,marvelous,,,,
bringing people together,,prettiest,marvelously,,,,
camaraderie,,princelier,marvelousness,,,,
care about justice,,princeliest,master,,,,
care taking,,purer,mastered,,,,
caring person,,purest,masterful,,,,
cheer people up,,ranking,masterfully,,,,
citizenship,,rankings,masterfulness,,,,
civility,,renown,masteries,,,,
cold,,richer,mastering,,,,
comfort,,richest,mastermind,,,,
comfort others,,righter,masterminds,,,,
comfortable around others,,rightest,meritorious,,,,
comfortable around people,,sharper,meritoriously,,,,
comfortable with others,,sharpest,meritoriousness,,,,
communion ,,sheerer,mighty,,,,
community membership,,sheerest,miraculous,,,,
compete,,shrewder,momentous,,,,
concern,,shrewdest,momentously,,,,
concern ,,sounder,momentousness,,,,
concerned about others,,soundest,monumental,,,,
concerned for others,,special,monumentally,,,,
cooperate with others,,standout,nice,,,,
cooperation,,stronger,nimble,,,,
cooperation over competition,,strongest,nimblefingered,,,,
doing something for others ,,sublimer,nimblefooted,,,,
effort to help,,sublimest,nimbleness,,,,
emotionally,,subtler,nimblewitted,,,,
emotions,,subtlest,nimbly,,,,
enrich others’ lives,,superber,noble,,,,
entertain,,superbest,nobleness,,,,
equality,,superiorly,nobly,,,,
extra efforts for others,,superlatively,notability,,,,
fairness,,superlativeness,notable,,,,
favor,,supremely,notably,,,,
favors for others,,supremeness,noteworthily,,,,
feel,,supremer,noteworthiness,,,,
forgive,,supremest,noteworthy,,,,
fortunate,,sweeter,number one,,,,
friendliness ,,sweetest,original,,,,
gentle,,toast,originals,,,,
get along,,the,out of this world,,,,
give,,town,outstanding,,,,
give something back,,top,outstandingly,,,,
giving others aid,,billing,outstandingness,,,,
go out of my way for others,,shelf,peerless,,,,
go the extra mile,,topflight,peerlessly,,,,
good deeds,,topful,perceptive,,,,
good intentions,,topfull,perceptively,,,,
gratitude,,topmost,perceptiveness,,,,
happiness,,topnotch,perceptivity,,,,
have a good word for everyone,,top-shelf,percipience,,,,
hear,,utmost,percipient,,,,
hearing,,utmosts,perfect,,,,
heart,,vaster,perfected,,,,
heed,,vastest,perfecting,,,,
help a friend,,wiseliest,perfection,,,,
help a neighbor,,wiser,perfectionist,,,,
help another person,,wisest,perfectionists,,,,
help customers,,worthier,perfections,,,,
help other people,,worthiest,perfective,,,,
help others,,number one,perfectly,,,,
helper,,toast of the town,perfectness,,,,
helpful ,,top billing,perfecto,,,,
higher purpose,,top shelf,perfectos,,,,
human goodness,,,perfects,,,,
immoral,,,perspicacious,,,,
intentions,,,perspicaciously,,,,
interest in other people,,,perspicaciousness,,,,
interested in others,,,perspicacity,,,,
interested in people,,,perspicacy,,,,
just,,,pinnacle,,,,
justice,,,pioneer,,,,
kindness,,,pleasant,,,,
kindness to others,,,pleasing,,,,
listener,,,popular,,,,
listening,,,popularity,,,,
love ,,,popularly,,,,
make others feel good,,,posh,,,,
make people feel welcome,,,poshly,,,,
mercy,,,poshness,,,,
moral,,,powerful,,,,
morality,,,praiseworthily,,,,
moved by others' misfortunes,,,praiseworthiness,,,,
needs of others,,,praiseworthy,,,,
needy,,,precious,,,,
offer concrete benefits,,,precocious,,,,
other people,,,precociously,,,,
other people's needs and feelings,,,precociousness,,,,
others,,,precocity,,,,
others' emotions,,,preeminent,,,,
other's feelings,,,premium,,,,
others' interests,,,pretty,,,,
others' needs,,,priceless,,,,
other's perspective,,,princeliness,,,,
others' problems,,,princely,,,,
other's sorrows,,,prioneering,,,,
others to be happy,,,pristine,,,,
others' well-being,,,prodigies,,,,
others' wishes,,,prodigious,,,,
part of a group,,,prodigiously,,,,
passionate about causes,,,prodigiousness,,,,
people’s problems,,,prodigy,,,,
people’s well-being,,,productive,,,,
perspective,,,proficiency,,,,
poor,,,proficient,,,,
privilege,,,proficiently,,,,
provide,,,profound,,,,
provide support to others,,,profoundly,,,,
reassurance,,,profoundness,,,,
reassure others,,,profundity,,,,
repay ,,,prolific,,,,
respect others,,,prominence,,,,
respect the opinions of others,,,prominences,,,,
rude,,,prominent,,,,
safety,,,prominently,,,,
sensitive,,,prosperous,,,,
sensitive to other people's feelings,,,pure,,,,
sensitivity,,,quick-witted,,,,
sensitivity towards others,,,realistic,,,,
sentiment,,,recognition,,,,
sentimentality,,,recognizable,,,,
serve,,,recognized,,,,
service to others,,,reknowned,,,,
share,,,reliable,,,,
sharing,,,remarkable,,,,
sociability,,,remarkableness,,,,
social interaction,,,renown,,,,
social surrounding,,,renowned,,,,
society,,,renowns,,,,
sooth,,,reputable,,,,
spiritually connected to other people,,,resourceful,,,,
spirituality,,,resourcefully,,,,
surrounding,,,resourcefulness,,,,
sympathetic,,,respectable,,,,
take time out for others,,,respected,,,,
taking care,,,revered,,,,
taking care of other people's personal needs,,,revolutionary,,,,
teamwork,,,sagacious,,,,
tenderness,,,sagaciously,,,,
thankful,,,sagacities,,,,
think about others,,,sagacity,,,,
think about the needy,,,sage,,,,
think of others first,,,sagely,,,,
tolerance,,,sageness,,,,
understand,,,saintly,,,,
understanding,,,self-aware,,,,
understood,,,sensational,,,,
unfortunate,,,sensationally,,,,
unprivileged,,,sharpwitted,,,,
viewpoints of others,,,shrewd,,,,
warm,,,shrewdly,,,,
warm up quickly to others,,,shrewdness,,,,
warm-hearted,,,skill,,,,
warmth,,,skilled,,,,
will do anything for others,,,skillful,,,,
work together,,,skillfully,,,,
work with others,,,skillfulness,,,,
world,,,skills,,,,
world poverty,,,smart,,,,
world’s problems,,,smashing,,,,
worried about others,,,smashingly,,,,
worry about other people ,,,sought-after,,,,
free,,,spectacular,,,,
listen,,,splendid,,,,
poverty,,,splendidly,,,,
beauty,,,splendor,,,,
well-being,,,splendorous,,,,
other's needs,,,splendors,,,,
other's problems,,,splendrous,,,,
happy,,,standout,,,,
worry about others ,,,standouts,,,,
feelings,,,star,,,,
sensitive to others,,,stars,,,,
take care,,,stimulating,,,,
emotion,,,storied,,,,
acknowledge ,,,strapping,,,,
favors,,,striking,,,,
extra mile,,,strikingly,,,,
soothing,,,strong,,,,
gentleness,,,stunning,,,,
comforting,,,stupendous,,,,
mediate ,,,stupendously,,,,
time for others,,,success,,,,
need,,,successful,,,,
competition,,,successfully,,,,
concern for others,,,super,,,,
comfortable with others,,,superb,,,,
think of others,,,superbly,,,,
out of the way for others,,,superexcellence,,,,
anything for others,,,superexcellent,,,,
other's viewpoint,,,supreme,,,,
concerned,,,supremely,,,,
politeness,,,supremeness,,,,
tolerate,,,sweet,,,,
merciful,,,talented,,,,
sentimental,,,talents,,,,
sociable,,,thoughtful,,,,
group membership,,,tiptop,,,,
misfortune,,,tip-top,,,,
humanity,,,tip top,,,,
reassuring,,,tremendous,,,,
spiritual,,,tremendously,,,,
equal,,,tremendousness,,,,
causes,,,trusted,,,,
intent,,,unique,,,,
acceptance,,,valient,,,,
fair,,,valuable,,,,
friendship,,,versatile,,,,
bond,,,versatility,,,,
getting along,,,visionaries,,,,
repay,,,visionary,,,,
communion,,,vital,,,,
help friend,,,vivacious,,,,
effort help,,,well-read,,,,
other's wishes,,,well read,,,,
others' wishes,,,willpower,,,,
other wish,,,wise,,,,
respect other,,,wisely,,,,
cheer people,,,wiseness,,,,
good intention,,,witty,,,,
help neighbor,,,wonderful,,,,
needs others,,,wonderfully,,,,
others sorrows,,,wonderfulness,,,,
part of group,,,worthily,,,,
others' emotions,,,worthiness,,,,
other's emotions,,,worthy,,,,
others' problems,,,,,,,
other's problems,,,,,,,
world problems,,,,,,,
favors others,,,,,,,
other's interests,,,,,,,
others' interests,,,,,,,
people problems,,,,,,,
service others,,,,,,,
worry about other people,,,,,,,
doing something for others,,,,,,,
accountable,,,,,,,
brotherhood,,,,,,,
civic,,,,,,,
class,,,,,,,
classes,,,,,,,
cultivating,,,,,,,
development,,,,,,,
familial,,,,,,,
families,,,,,,,
family,,,,,,,
graduation,,,,,,,
harvesting,,,,,,,
harvests,,,,,,,
humankind,,,,,,,
joy,,,,,,,
life,,,,,,,
mankind,,,,,,,
reading,,,,,,,
responsibilities,,,,,,,
rights,,,,,,,
sroi,,,,,,,
success,,,,,,,
welfare,,,,,,,
wellbeing,,,,,,,
wisdom,,,,,,,
communal,,,,,,,
cadre,,,,,,,
joint,,,,,,,
unison,,,,,,,
guild,,,,,,,
solidarity,,,,,,,
cohort,,,,,,,
ally,,,,,,,
insider,,,,,,,
apostasy,,,,,,,
apostate,,,,,,,
deserting,,,,,,,
imposter,,,,,,,
miscreant,,,,,,,
spy,,,,,,,
sequester,,,,,,,
renegade,,,,,,,
aidful,,,,,,,
assuring,,,,,,,
encouraging,,,,,,,
patient,,,,,,,
ready to help,,,,,,,
supportive,,,,,,,
thoughtful,,,,,,,
tolerant,,,,,,,
agreeable,,,,,,,
cordial,,,,,,,
diplomatic,,,,,,,
familiar,,,,,,,
genial,,,,,,,
gracious,,,,,,,
neighborly,,,,,,,
open,,,,,,,
pleasant,,,,,,,
receptive,,,,,,,
straightforward,,,,,,,
care for,,,,,,,
enhance,,,,,,,
improve,,,,,,,
lend a hand,,,,,,,
nurture,,,,,,,
open-mindedness,,,,,,,
universalism,,,,,,,
altruistic,,,,,,,
amity,,,,,,,
assisted,,,,,,,
assisting,,,,,,,
belong,,,,,,,
belonged,,,,,,,
belonging,,,,,,,
belongs,,,,,,,
cares,,,,,,,
donate,,,,,,,
donated,,,,,,,
donates,,,,,,,
donating,,,,,,,
donation,,,,,,,
forgave,,,,,,,
forgive,,,,,,,
gave,,,,,,,
gift,,,,,,,
gifts,,,,,,,
giving,,,,,,,
helped,,,,,,,
helps,,,,,,,
humanitarian,,,,,,,
humanitarianism,,,,,,,
kindheated,,,,,,,
kindheartness,,,,,,,
loves,,,,,,,
obligation,,,,,,,
obligations,,,,,,,
philanthropic,,,,,,,
philanthropies,,,,,,,
pitied,,,,,,,
pities,,,,,,,
pity,,,,,,,
pitying,,,,,,,
provided,,,,,,,
provides,,,,,,,
providing,,,,,,,
relief,,,,,,,
responsible,,,,,,,
sacrificed,,,,,,,
sacrificing,,,,,,,
serves,,,,,,,
serving,,,,,,,
shared,,,,,,,
shares,,,,,,,
victim,,,,,,,
victims,,,,,,,
volunteered,,,,,,,
volunteering,,,,,,,
equalpay,,,,,,,
equalpayday,,,,,,,
fairshot,,,,,,,
marriage equality,,,,,,,
paycheck fairness,,,,,,,
women success,,,,,,,
accepts,,,,,,,
afford,,,,,,,
affordability,,,,,,,
affording,,,,,,,
affords,,,,,,,
all inclusive,,,,,,,
balance,,,,,,,
balanced,,,,,,,
balances,,,,,,,
balancing,,,,,,,
bipartisan,,,,,,,
broadminded,,,,,,,
clemency,,,,,,,
climate,,,,,,,
coalition,,,,,,,
diplomacy,,,,,,,
diplomat,,,,,,,
diplomats,,,,,,,
discriminate,,,,,,,
discriminates,,,,,,,
discriminating,,,,,,,
discrimination,,,,,,,
diverse,,,,,,,
diversity,,,,,,,
egalitarian,,,,,,,
equitability,,,,,,,
even,,,,,,,
evenness,,,,,,,
everyone,,,,,,,
global,,,,,,,
integrity,,,,,,,
interfaith,,,,,,,
international,,,,,,,
intersectionalism,,,,,,,
justness,,,,,,,
multinational,,,,,,,
oppress,,,,,,,
oppressed,,,,,,,
oppressing,,,,,,,
oppression,,,,,,,
right,,,,,,,
transparency,,,,,,,
ubiquitous,,,,,,,
unfair,,,,,,,
union,,,,,,,
unitednation,,,,,,,
universal,,,,,,,
accord,,,,,,,
affinity,,,,,,,
aid,,,,,,,
aided,,,,,,,
aiding,,,,,,,
allies,,,,,,,
buddies,,,,,,,
buddy,,,,,,,
chat,,,,,,,
chats,,,,,,,
chatted,,,,,,,
chatting,,,,,,,
closeness,,,,,,,
common good,,,,,,,
common ground,,,,,,,
common grounding,,,,,,,
common groundsel,,,,,,,
common groundlessly,,,,,,,
common grounded,,,,,,,
common groundling,,,,,,,
common groundly,,,,,,,
common groundy,,,,,,,
common groundneedle,,,,,,,
common groundwave,,,,,,,
common groundmass,,,,,,,
common ground-glass,,,,,,,
common groundnutseed,,,,,,,
common ground-truck,,,,,,,
common groundenell,,,,,,,
common groundedly,,,,,,,
common groundwood,,,,,,,
common groundnuts,,,,,,,
common groundable,,,,,,,
common groundflower,,,,,,,
common groundedness,,,,,,,
common groundsill,,,,,,,
common ground-swell,,,,,,,
common grounds,,,,,,,
common groundlessness,,,,,,,
common groundberry,,,,,,,
common groundably,,,,,,,
common groundman,,,,,,,
common groundliness,,,,,,,
common groundless,,,,,,,
common grounder,,,,,,,
common groundage,,,,,,,
common groundbird,,,,,,,
common groundplot,,,,,,,
common groundnut,,,,,,,
common groundwork,,,,,,,
common ground-level,,,,,,,
common groundsman,,,,,,,
common groundward,,,,,,,
conversed,,,,,,,
converses,,,,,,,
conversing,,,,,,,
crew,,,,,,,
familys',,,,,,,
family's,,,,,,,
justly,,,,,,,
kin,,,,,,,
kindly,,,,,,,
kinship,,,,,,,
law,,,,,,,
laws,,,,,,,
middle ground,,,,,,,
oneness,,,,,,,
pal,,,,,,,
pals,,,,,,,
partied,,,,,,,
public,,,,,,,
publicly,,,,,,,
taught,,,,,,,
treaty,,,,,,,
uniting,,,,,,,
be concerned,,,,,,,
condolences,,,,,,,
feel bad,,,,,,,
feel sorry for,,,,,,,
openness,,,,,,,
put up with,,,,,,,
vent,,,,,,,
adopt,,,,,,,
advice,,,,,,,
be of assistance,,,,,,,
be supportive,,,,,,,
bestow,,,,,,,
carry,,,,,,,
cheer up,,,,,,,
cherish,,,,,,,
coach,,,,,,,
cultivate,,,,,,,
cure,,,,,,,
encourage,,,,,,,
foster,,,,,,,
give a hand,,,,,,,
give support to,,,,,,,
heal,,,,,,,
look after,,,,,,,
make good,,,,,,,
make well,,,,,,,
mend,,,,,,,
minister to,,,,,,,
nurse back to health,,,,,,,
raise,,,,,,,
raise spirits,,,,,,,
relieve,,,,,,,
repair,,,,,,,
restore to health,,,,,,,
supply,,,,,,,
take care of,,,,,,,
take on board,,,,,,,
tutor,,,,,,,
accommodating,,,,,,,
accountability,,,,,,,
adopted,,,,,,,
affordable housing,,,,,,,
affordable,,,,,,,
aids,,,,,,,
american,,,,,,,
beneficially,,,,,,,
benefit the masses,,,,,,,
benefits,,,,,,,
charitability,,,,,,,
charitable foundation,,,,,,,
charitable giving,,,,,,,
charitably ,,,,,,,
charities,,,,,,,
civic duties,,,,,,,
civic duty,,,,,,,
civic engagement,,,,,,,
civic engagements,,,,,,,
clean,,,,,,,
cleaned,,,,,,,
cleaner,,,,,,,
cleaning,,,,,,,
cleanliness,,,,,,,
cleanup,,,,,,,
collective well-being,,,,,,,
collective well-beings,,,,,,,
collectively,,,,,,,
commitments,,,,,,,
communities,,,,,,,
community development ,,,,,,,
community developments,,,,,,,
community group,,,,,,,
community groups,,,,,,,
community impact,,,,,,,
community minded,,,,,,,
community mission,,,,,,,
community outreach,,,,,,,
community policies,,,,,,,
community policy,,,,,,,
community project,,,,,,,
community projects,,,,,,,
countries,,,,,,,
country,,,,,,,
county,,,,,,,
csr,,,,,,,
cultural preservation,,,,,,,
cultures,,,,,,,
custodian,,,,,,,
delegation,,,,,,,
demographic,,,,,,,
diet,,,,,,,
disability,,,,,,,
disable,,,,,,,
disabled,,,,,,,
diversification,,,,,,,
diversified,,,,,,,
diversify,,,,,,,
diversifying,,,,,,,
engage,,,,,,,
engaging,,,,,,,
ethic,,,,,,,
ethically,,,,,,,
female,,,,,,,
food pantries,,,,,,,
food pantry,,,,,,,
foodbank,,,,,,,
foodbanks,,,,,,,
fund,,,,,,,
fundraising,,,,,,,
funds,,,,,,,
future ,,,,,,,
future generation,,,,,,,
future generations,,,,,,,
government,,,,,,,
governments,,,,,,,
groups of stakeholders,,,,,,,
habitat,,,,,,,
healthcare,,,,,,,
healthcaring,,,,,,,
hope,,,,,,,
human being,,,,,,,
humans,,,,,,,
hungry,,,,,,,
impact on community,,,,,,,
impact on local communities,,,,,,,
impact on local community,,,,,,,
impact on society,,,,,,,
improvements,,,,,,,
indigenous ,,,,,,,
indigenous people,,,,,,,
indigenous peoples,,,,,,,
innovation,,,,,,,
intelligence,,,,,,,
involve,,,,,,,
involved,,,,,,,
involvement,,,,,,,
jeopardize,,,,,,,
jeopardized,,,,,,,
jeopardizes,,,,,,,
jeopardizing,,,,,,,
job creation,,,,,,,
labor,,,,,,,
lawfulness,,,,,,,
lead,,,,,,,
leadership,,,,,,,
learned,,,,,,,
legal,,,,,,,
less fortunate,,,,,,,
life benefits,,,,,,,
lifestyles,,,,,,,
lives,,,,,,,
living,,,,,,,
local community,,,,,,,
local development,,,,,,,
local developments,,,,,,,
locale,,,,,,,
meaningful,,,,,,,
medicaid,,,,,,,
medicare,,,,,,,
medicinal,,,,,,,
minimize,,,,,,,
minority,,,,,,,
mission,,,,,,,
mortality,,,,,,,
native people,,,,,,,
native peoples,,,,,,,
native,,,,,,,
natural,,,,,,,
naturally,,,,,,,
nature,,,,,,,
not for profit,,,,,,,
oppressive regimes,,,,,,,
organizational involvement,,,,,,,
organization's involvement,,,,,,,
orphan,,,,,,,
orphans,,,,,,,
outperform,,,,,,,
outsource,,,,,,,
outsources,,,,,,,
outsourcing,,,,,,,
ownership,,,,,,,
owns,,,,,,,
participant,,,,,,,
participants,,,,,,,
participating,,,,,,,
people group,,,,,,,
people groups,,,,,,,
people,,,,,,,
performance,,,,,,,
performers,,,,,,,
person,,,,,,,
personal,,,,,,,
persons,,,,,,,
philosophies,,,,,,,
plan,,,,,,,
plurality,,,,,,,
poor individual,,,,,,,
poor individuals,,,,,,,
poor people,,,,,,,
prejudiced,,,,,,,
prejudices,,,,,,,
preserve culture,,,,,,,
prevented,,,,,,,
principles,,,,,,,
privileges,,,,,,,
profit sharing,,,,,,,
projects,,,,,,,
protected,,,,,,,
protections,,,,,,,
rebuilding,,,,,,,
recognition,,,,,,,
recognize,,,,,,,
recognized,,,,,,,
recovery,,,,,,,
redeemable,,,,,,,
regulate,,,,,,,
regulations,,,,,,,
regulatory,,,,,,,
relations,,,,,,,
reliability,,,,,,,
religious,,,,,,,
rely,,,,,,,
renew,,,,,,,
renovation,,,,,,,
respects,,,,,,,
responsibility,,,,,,,
role,,,,,,,
safe,,,,,,,
scholarships,,,,,,,
services,,,,,,,
shared norms,,,,,,,
social activities,,,,,,,
social inclination,,,,,,,
social issue,,,,,,,
social issues,,,,,,,
social policies,,,,,,,
social policy,,,,,,,
socially inclined,,,,,,,
socially minded,,,,,,,
societal ,,,,,,,
societal development ,,,,,,,
societal developments,,,,,,,
societal impact,,,,,,,
sponsors',,,,,,,
sponsorship,,,,,,,
stakeholders,,,,,,,
sustain,,,,,,,
sustainability,,,,,,,
sustainable,,,,,,,
sustained,,,,,,,
sustaining,,,,,,,
sustains,,,,,,,
sweat shops,,,,,,,
talented,,,,,,,
trained,,,,,,,
transparent,,,,,,,
trustees,,,,,,,
unconditional,,,,,,,
unemployable,,,,,,,
unethical,,,,,,,
unfriendly,,,,,,,
unionized,,,,,,,
unions,,,,,,,
unrestricted,,,,,,,
unsafe,,,,,,,
uprooting,,,,,,,
urban planning,,,,,,,
urban,,,,,,,
urbanization,,,,,,,
voluntarily,,,,,,,
volunteerism,,,,,,,
vote,,,,,,,
voting,,,,,,,
vulnerability,,,,,,,
vulnerable,,,,,,,
waters,,,,,,,
well-beings,,,,,,,
wellness,,,,,,,
women,,,,,,,
work,,,,,,,
wrongdoers,,,,,,,
wrongdoing,,,,,,,
wrongfully,,,,,,,
zone,,,,,,,
zones,,,,,,,
air,,,,,,,
carbon,,,,,,,
conservation,,,,,,,
conserve,,,,,,,
conserved,,,,,,,
conserves,,,,,,,
conserving,,,,,,,
eco-friendly,,,,,,,
energy,,,,,,,
greenlife,,,,,,,
landscaping,,,,,,,
contributions,,,,,,,
donations,,,,,,,
efficiency,,,,,,,
food,,,,,,,
foot-print,,,,,,,
foundation,,,,,,,
fuel,,,,,,,
grants,,,,,,,
local,,,,,,,
nonprofit,,,,,,,
non-profit,,,,,,,
outreach,,,,,,,
planet,,,,,,,
plant,,,,,,,
plants,,,,,,,
power,,,,,,,
scholarship,,,,,,,
suppliers,,,,,,,
benefitting,,,,,,,
benefitted,,,,,,,
community orientation,,,,,,,
education,,,,,,,
empowered,,,,,,,
kinder,,,,,,,
virtuous,,,,,,,
fellows,,,,,,,
cliques,,,,,,,
enemies,,,,,,,
deceit,,,,,,,
terrorists,,,,,,,
immigrants,,,,,,,
affect,,,,,,,
agreed,,,,,,,
collaborative,,,,,,,
concerts,,,,,,,
consensual,,,,,,,
contributing,,,,,,,
conversations,,,,,,,
democracy,,,,,,,
festivities,,,,,,,
harmonious,,,,,,,
matrimonial,,,,,,,
open mind,,,,,,,
reciprocated,,,,,,,
recommended,,,,,,,
reconciled,,,,,,,
requesting,,,,,,,
sacrificial,,,,,,,
self-less,,,,,,,
thank you,,,,,,,
anticipating,,,,,,,
parents,,,,,,,
bonds,,,,,,,
people together,,,,,,,
others feelings,,,,,,,
others needs,,,,,,,
others perspectives,,,,,,,
others happiness,,,,,,,
others well being,,,,,,,
peoples problems,,,,,,,
people's wellbeing,,,,,,,
caring for,,,,,,,
cooperative,,,,,,,
educational,,,,,,,
freeing,,,,,,,
healthier,,,,,,,
prosperous,,,,,,,
nation,,,,,,,
devoting,,,,,,,
terrorism,,,,,,,
emotional,,,,,,,
agreeing,,,,,,,
collaborating,,,,,,,
discussed,,,,,,,
empath,,,,,,,
befriend,,,,,,,
requests,,,,,,,
anticipatory,,,,,,,
parent,,,,,,,
bring together,,,,,,,
well being,,,,,,,
caring towards,,,,,,,
health conscious,,,,,,,
